model,cx,cz,sx,sz,yaw,bottom,top
BuildingSmooth_9_-17762_1766_10565_Residual_8943e5cb_Body01,-1794.824,1060.124,5.357,6.000,2.18154,109.770,148.770
BuildingSmooth_7_18207_865_20154_Body01,1837.704,2022.270,5.357,13.416,0.69136,65.009,85.133
Building1,-630.088,48.395,242.250,263.000,0.39750,56.614,61.972
BuildingSmooth_2_25850_1792_-7829,2536.087,-832.569,5.357,48.227,1.72710,73.749,143.403
BuildingSmooth_2_25850_1792_-7829,2609.596,-844.154,5.357,100.607,-1.41449,73.749,143.403
BuildingSmooth_3_-2030_1966_19859,-246.328,1978.546,5.357,19.417,0.41970,173.798,189.319
BuildingSmooth_3_-2030_1966_19859,-227.099,1983.552,5.357,19.417,-2.72189,173.798,189.319
BuildingSmooth_3_-2030_1966_19859,-233.583,1969.021,5.357,12.407,0.41970,173.798,189.319
BuildingSmooth_3_-2030_1966_19859,-239.845,1993.077,5.357,12.407,-2.72189,173.798,189.319
Building3,-1115.005,-1482.225,78.500,52.250,0.53233,66.250,71.607
Building2,-1173.822,-1030.205,101.250,111.750,0.61087,40.846,46.203
BuildingSmooth_9_-5360_2704_9072,-536.311,943.556,5.357,51.799,1.61485,236.310,265.510
BuildingSmooth_5_2594_1405_11882_Body01,303.268,1169.910,5.357,34.357,-2.57930,64.342,86.206
BuildingSmooth_5_2594_1405_11882_Body01,289.115,1147.449,5.357,18.740,0.56229,64.342,86.206
BuildingSmooth_11_15093_1444_4093,1504.521,423.424,5.357,17.030,1.45026,118.939,128.101
BuildingSmooth_11_15093_1444_4093,1515.380,424.739,5.357,4.848,-1.69133,118.939,128.101
BuildingSmooth_11_15093_1444_4093,1505.852,403.776,5.357,32.724,2.32360,119.561,127.480
BuildingSmooth_1_-30547_1778_10109_Residual_704f3498_Body01,-3057.968,1011.767,121.805,68.131,1.86487,122.403,127.760
BuildingSmooth_15_-15351_676_-17464_Body01,-1541.293,-1738.119,5.357,20.666,-2.65200,44.955,51.844
BuildingSmooth_15_-15351_676_-17464_Body01,-1555.377,-1751.029,5.357,56.698,-2.65200,45.485,51.314
BuildingSmooth_15_-15351_676_-17464_Body01,-1557.490,-1768.516,5.357,48.220,0.48960,44.955,51.844
BuildingSmooth_15_-15351_676_-17464_Body01,-1571.574,-1781.425,5.357,12.187,0.48960,45.485,51.314
BuildingSmooth_9_-17762_1766_10565_ResidualBody02,-1767.175,1049.924,5.357,21.000,-0.96006,108.270,150.270
BuildingSmooth_9_-17027_1540_11149,-1694.667,1117.625,5.357,36.000,-1.21193,110.202,136.370
BuildingSmooth_9_-17027_1540_11149,-1717.138,1126.054,5.357,12.000,1.92966,110.202,136.370
BuildingSmooth_12_23023_2522_-23446_Body01,2313.510,-2386.530,5.357,26.390,-0.66814,160.000,196.946
BuildingSmooth_2_27317_1505_-8353_Body01,2752.192,-836.787,33.000,12.222,1.65352,122.921,128.278
BuildingSmooth_3_1668_1565_17063_Body01,156.579,1678.611,5.357,25.217,3.06389,131.205,156.422
BuildingSmooth_1_-23980_1840_7519_Body01,-2397.614,753.730,5.357,70.871,0.63552,103.024,170.351
BuildingSmooth_1_-23980_1840_7519_Body01,-2397.614,753.730,5.357,70.871,-2.50607,103.024,170.351
BuildingSmooth_5_6819_1187_10146_Residual_b2d30e26_Body01,690.884,985.785,5.357,17.912,-1.24635,56.551,74.463
BuildingSmooth_7_11143_1523_22494,1068.750,2078.643,5.357,196.655,-1.12243,90.368,141.707
BuildingSmooth_7_11143_1523_22494,1117.454,2426.863,5.357,122.546,-1.78004,89.964,142.111
BuildingSmooth_7_11143_1523_22494,974.103,2124.172,5.357,13.400,2.01916,90.368,141.707
BuildingSmooth_7_11143_1523_22494,1046.667,2411.831,5.357,22.186,1.36155,89.964,142.111
BuildingSmooth_9_-7430_847_10636,-742.652,1071.018,5.357,23.739,-2.02525,65.941,78.904
BuildingSmooth_9_-7430_847_10636,-756.496,1064.254,5.357,7.079,1.11635,65.941,78.904
BuildingSmooth_9_-7430_847_10636,-742.987,1063.641,5.357,27.047,1.61617,65.038,79.807
BuildingSmooth_8_3979_2120_30223_Body01,397.680,3022.414,45.372,46.401,-0.01008,199.213,204.570
BuildingSmooth_1_-30547_2467_10113_Body01,-3043.365,1055.005,5.357,20.120,0.31079,216.662,246.841
BuildingSmooth_5_3444_2350_9889,300.527,964.878,5.357,9.437,1.72989,213.213,228.795
BuildingSmooth_5_3444_2350_9889,317.888,962.092,5.357,25.730,-1.41170,213.213,228.795
BuildingSmooth_5_3444_2350_9889,328.401,976.187,5.357,9.437,-1.41170,213.213,228.795
BuildingSmooth_5_3444_2350_9889,311.039,978.972,5.357,25.730,1.72989,213.213,228.795
BuildingSmooth_5_2594_1405_11882_Body02,261.360,1207.394,5.357,12.878,1.88811,33.420,117.127
BuildingSmooth_5_2594_1405_11882_Body03,263.414,1203.330,5.357,19.317,1.88811,59.860,137.128
BuildingSmooth_3_-6795_1171_21917_ResidualBody05,-675.622,2185.145,5.357,33.000,0.04200,107.652,125.652
BuildingSmooth_1_-30547_1778_10109_ResidualBody01,-3041.859,1059.917,20.301,50.752,1.86487,122.403,127.760
BuildingSmooth_5_2594_1405_11882_Body04,217.578,1208.218,5.357,6.439,-2.82428,88.835,108.152
BuildingSmooth_5_2594_1405_11882_Body04,210.546,1186.806,5.357,38.634,0.31731,88.835,108.152
BuildingSmooth_5_5550_853_2560_Body01,562.831,260.910,5.357,21.000,-2.21415,62.139,74.139
BuildingSmooth_2_24060_1335_-8367,2410.807,-844.811,5.357,14.028,-1.33839,111.201,124.780
BuildingSmooth_2_24060_1335_-8367,2397.586,-841.682,5.357,13.144,1.80320,111.201,124.780
BuildingSmooth_2_24060_1335_-8367,2414.364,-831.700,5.357,13.144,-1.33839,111.201,124.780
BuildingSmooth_2_24060_1335_-8367,2401.144,-828.570,5.357,14.028,1.80320,111.201,124.780
BuildingSmooth_10_-15965_1525_-4314_Residual_6c561fbe_Body01,-1642.506,-419.234,5.357,22.673,0.95221,56.754,77.040
BuildingSmooth_10_-15965_1525_-4314_Residual_6c561fbe_Body01,-1567.453,-415.614,5.357,13.469,-1.67023,56.315,77.480
BuildingSmooth_10_-15965_1525_-4314_Residual_6c561fbe_Body01,-1617.229,-401.243,5.357,39.379,-2.18938,56.754,77.040
BuildingSmooth_10_-15965_1525_-4314_Residual_6c561fbe_Body01,-1635.620,-449.486,5.357,13.469,1.47136,56.315,77.480
BuildingSmooth_10_-15965_1525_-4314_Residual_6c561fbe_Body01,-1610.532,-419.912,5.357,73.117,1.47136,56.315,77.480
BuildingSmooth_10_-15965_1525_-4314_Residual_6c561fbe_Body01,-1592.541,-445.188,5.357,73.117,-1.67023,56.315,77.480
BuildingSmooth_3_3646_1786_19755_Residual_52d005e0_Body01,367.345,1980.680,5.357,63.765,1.35510,50.114,137.791
BuildingSmooth_4_-7109_1460_-14080_Residual_f99ec8ab_Body01,-708.758,-1406.361,119.326,74.062,-1.85131,108.547,113.904
BuildingSmooth_15_-26803_1093_-20075_Body01,-2686.860,-1998.011,5.357,18.000,0.88689,38.417,65.417
BuildingSmooth_5_2509_2220_11853_Body01,248.617,1181.378,94.482,71.935,1.28489,207.266,212.623
BuildingSmooth_16_12901_1620_-4393_Body01,1284.911,-439.383,5.357,27.000,-0.83746,126.160,163.191
BuildingSmooth_6_7025_1448_-11750_Body01,695.354,-1175.716,5.357,54.000,-0.72946,127.170,136.170
BuildingSmooth_10_-19893_677_-12145,-2005.079,-1200.057,5.357,4.688,2.04029,48.074,62.379
BuildingSmooth_10_-19893_677_-12145,-1983.984,-1210.759,5.357,42.621,-1.10130,48.074,62.379
BuildingSmooth_11_20060_1799_1026_ResidualBody04,1980.929,71.456,13.817,23.029,1.85628,119.845,125.202
BuildingSmooth_5_6606_836_2020_Body01,660.638,202.012,29.706,20.561,0.03851,70.290,75.648
BuildingSmooth_3_-6795_1171_21917_Residual_7bddcee5_Body01,-672.499,2188.016,5.357,24.000,-1.52880,44.517,83.517
BuildingSmooth_10_-16793_886_-13524_Residual_64acfd9d_Body01,-1682.371,-1349.988,5.357,27.091,2.52964,52.444,112.645
BuildingSmooth_10_-16793_886_-13524_Residual_64acfd9d_Body01,-1682.371,-1349.988,5.357,27.091,-0.61196,52.444,112.645
BuildingSmooth_6_13565_1605_-15419_Body01,1355.395,-1543.769,5.357,15.000,1.88103,125.977,160.017
BuildingSmooth_2_19308_1989_-6623_ResidualBody02,1935.352,-672.306,46.467,13.447,2.65589,143.452,148.810
BuildingSmooth_6_2047_1581_-18188_Body02,195.148,-1793.754,5.357,48.739,-3.05889,83.096,103.404
BuildingSmooth_2_24477_1426_-2821,2437.568,-258.265,5.357,12.678,0.73366,101.373,112.015
BuildingSmooth_2_24477_1426_-2821,2444.804,-250.239,5.357,8.934,-2.40793,101.373,112.015
BuildingSmooth_2_24477_1426_-2821,2444.219,-266.782,5.357,8.934,0.73366,101.373,112.015
BuildingSmooth_2_24477_1426_-2821,2451.455,-258.756,5.357,12.678,-2.40793,101.373,112.015
BuildingSmooth_6_3313_1126_-19044_ResidualBody03,306.461,-1896.651,36.947,18.473,1.71050,86.883,92.241
BuildingSmooth_12_30160_1395_-12228_Body02,3012.392,-1205.140,10.131,25.420,-1.76970,120.132,125.489
BuildingSmooth_12_24742_1757_-12154,2469.644,-1218.082,5.357,23.695,-0.15307,125.610,135.376
BuildingSmooth_12_24742_1757_-12154,2467.530,-1204.383,5.357,4.025,2.98853,125.610,135.376
BuildingSmooth_12_24742_1757_-12154,2478.682,-1212.614,5.357,23.696,2.98853,125.610,135.376
BuildingSmooth_12_24742_1757_-12154,2480.795,-1226.313,5.357,4.025,-0.15307,125.610,135.376
BuildingSmooth_1_-20405_1967_13378_Residual_4b244121_Body01,-2037.135,1306.552,5.357,17.206,0.92357,119.113,151.700
BuildingSmooth_1_-20405_1967_13378_Residual_4b244121_Body01,-1997.932,1336.183,5.357,81.078,-2.21802,119.113,151.700
BuildingSmooth_8_3990_1682_30243_ResidualBody01,393.053,3013.679,5.357,45.000,-0.29162,107.765,146.765
BuildingSmooth_9_-14246_1985_11994_Body01,-1408.620,1193.506,5.357,18.437,2.56180,176.791,184.857
BuildingSmooth_9_-14246_1985_11994_Body01,-1402.202,1183.705,5.357,4.993,-0.57979,176.791,184.857
BuildingSmooth_9_-14246_1985_11994_Body01,-1422.203,1193.564,5.357,7.298,2.56180,175.831,185.818
BuildingSmooth_9_-14246_1985_11994_Body01,-1415.785,1183.763,5.357,16.133,-0.57979,175.831,185.818
BuildingSmooth_6_1756_1484_-14972,177.897,-1511.329,5.357,11.500,0.45159,125.129,141.515
BuildingSmooth_6_1756_1484_-14972,165.739,-1498.847,5.357,23.348,0.45159,125.129,141.515
BuildingSmooth_6_1756_1484_-14972,185.500,-1495.651,5.357,23.348,-2.69000,125.129,141.515
BuildingSmooth_6_1756_1484_-14972,173.342,-1483.170,5.357,11.500,-2.69000,125.129,141.515
BuildingSmooth_16_3684_1559_-2783_Body01,377.774,-280.005,74.815,41.862,-0.72613,141.863,147.220
BuildingSmooth_11_17213_1481_5537,1713.814,564.238,5.357,11.717,2.05545,117.103,139.626
BuildingSmooth_11_17213_1481_5537,1731.417,554.969,5.357,28.072,-1.08614,117.103,139.626
BuildingSmooth_2_18639_1996_-8371,1871.415,-852.683,5.357,37.105,-1.39381,132.093,159.512
BuildingSmooth_2_18639_1996_-8371,1843.180,-847.633,5.357,20.262,1.74778,132.093,159.512
BuildingSmooth_2_18639_1996_-8371,1884.533,-827.175,5.357,20.262,-1.39381,132.093,159.512
BuildingSmooth_2_18639_1996_-8371,1856.298,-822.125,5.357,37.105,1.74778,132.093,159.512
BuildingSmooth_15_-18443_1400_-23559_Residual_3cc7f1fc_Body01,-1842.143,-2360.915,66.456,28.138,2.23358,87.631,92.988
BuildingSmooth_12_22772_1811_-16766_ResidualBody01,2243.290,-1660.393,20.362,20.362,1.01360,140.156,145.513
BuildingSmooth_11_20479_1647_5583_Body01,2047.752,558.146,62.806,58.173,-2.92284,150.989,156.347
BuildingSmooth_5_9888_1382_12135_Residual_28b95f58_Body01,988.834,1218.249,66.994,36.123,1.09731,67.425,72.782
BuildingSmooth_5_2594_1405_11882_Body05,254.283,1196.163,5.357,32.195,-1.25348,74.497,158.204
BuildingSmooth_6_8551_2062_-12307_Body01,855.451,-1232.220,110.363,87.230,0.83943,192.125,197.482
BuildingSmooth_5_6819_1187_10146_ResidualBody01,706.842,1021.994,5.357,25.077,-2.81714,52.968,78.045
BuildingSmooth_12_20628_1599_-15099_Body01,2069.140,-1518.225,36.000,15.924,2.53617,141.023,146.380
BuildingSmooth_13_-16944_5925_18365_Body01,-1678.748,1903.674,5.357,11.083,1.75193,571.316,585.566
BuildingSmooth_13_-16944_5925_18365_Body01,-1668.624,1901.820,5.357,9.500,-1.38966,571.316,585.566
BuildingSmooth_6_3244_1561_-15821,323.697,-1591.755,5.357,9.219,0.73112,117.809,129.684
BuildingSmooth_6_3244_1561_-15821,331.881,-1582.631,5.357,15.295,-2.41047,117.809,129.684
BuildingSmooth_6_3244_1561_-15821,316.885,-1581.565,5.357,15.295,0.73112,117.809,129.684
BuildingSmooth_6_3244_1561_-15821,325.069,-1572.440,5.357,9.219,-2.41047,117.809,129.684
BuildingSmooth_4_-7109_1460_-14080_ResidualBody02,-714.224,-1405.349,94.466,64.118,-1.85131,108.547,113.904
BuildingSmooth_6_10587_2823_-7411_Body01,1059.235,-741.284,85.305,52.731,-1.20955,267.903,273.260
BuildingSmooth_11_13097_1343_3390,1316.074,346.197,5.357,12.285,-1.70244,98.402,111.055
BuildingSmooth_11_13097_1343_3390,1302.748,344.432,5.357,14.601,1.43915,98.402,111.055
BuildingSmooth_11_13097_1343_3390,1316.587,333.501,5.357,14.601,-1.70244,98.402,111.055
BuildingSmooth_11_13097_1343_3390,1303.260,331.737,5.357,12.285,1.43915,98.402,111.055
BuildingSmooth_13_-13800_1212_23268_Body01,-1330.305,2301.733,5.357,10.482,-0.64951,80.237,122.166
BuildingSmooth_7_18207_865_20154_Body02,1809.815,2014.875,5.357,9.000,1.79850,54.071,96.071
BuildingSmooth_3_-274_936_19365,-27.229,1930.014,5.357,24.025,-1.14166,64.370,75.992
BuildingSmooth_3_-274_936_19365,-27.506,1942.922,5.357,24.025,1.99993,64.370,75.992
BuildingSmooth_3_-274_936_19365,-14.026,1936.754,5.357,5.622,-1.14166,64.370,75.992
BuildingSmooth_3_-274_936_19365,-40.709,1936.182,5.357,5.622,1.99993,64.370,75.992
BuildingSmooth_14_-6819_752_-938_Body01,-682.187,-95.977,5.357,9.710,0.46015,-48.881,164.732
BuildingSmooth_6_3313_1126_-19044_ResidualBody04,329.328,-1899.866,36.947,15.394,1.71050,86.883,92.241
BuildingSmooth_10_-27244_3178_-1824_Body01,-2722.818,-183.357,40.691,25.040,-2.03109,301.461,306.818
BuildingSmooth_7_6118_982_13038,609.638,1288.207,5.357,62.189,-1.58700,62.029,86.382
BuildingSmooth_7_6118_982_13038,599.708,1312.403,5.357,62.189,1.55460,62.029,86.382
BuildingSmooth_7_6118_982_13038,573.780,1287.626,5.357,9.537,1.55460,62.029,86.382
BuildingSmooth_7_6118_982_13038,635.566,1312.984,5.357,9.537,-1.58700,62.029,86.382
BuildingSmooth_9_-15506_2508_4473_Body01,-1560.455,449.220,109.455,68.534,2.34222,236.530,241.887
BuildingSmooth_4_-3198_1740_-13442_Residual_18f658e7_Body01,-321.567,-1367.708,5.357,13.021,-1.27213,114.696,132.057
BuildingSmooth_6_10587_2015_-7411,1084.482,-751.499,5.357,75.019,-0.19486,113.326,159.952
BuildingSmooth_6_10587_2015_-7411,1074.271,-699.757,5.357,30.462,2.94673,113.326,159.952
BuildingSmooth_6_10587_2015_-7411,1032.842,-730.637,5.357,75.011,2.94673,113.328,159.950
BuildingSmooth_6_10587_2015_-7411,1043.054,-782.380,5.357,30.469,-0.19486,113.328,159.950
BuildingSmooth_2_26311_1274_-9991,2620.126,-1002.243,5.357,33.114,2.36497,103.271,123.271
BuildingSmooth_2_26311_1274_-9991,2635.523,-1017.912,5.357,10.821,-0.77662,103.271,123.271
BuildingSmooth_2_26311_1274_-9991,2626.580,-980.279,5.357,10.828,2.36497,103.273,123.269
BuildingSmooth_2_26311_1274_-9991,2641.977,-995.948,5.357,33.107,-0.77662,103.273,123.269
BuildingSmooth_16_12107_1894_-5017_Residual_d1067269_Body01,1209.852,-501.589,5.357,60.972,-0.85289,128.886,159.372
BuildingSmooth_16_12107_1894_-5017_Residual_d1067269_Body01,1209.852,-501.589,5.357,60.972,2.28871,128.886,159.372
BuildingSmooth_9_-17762_1766_10565_ResidualBody04,-1803.794,1049.925,5.357,12.836,0.51107,148.573,156.335
BuildingSmooth_9_-17762_1766_10565_ResidualBody04,-1796.421,1063.073,5.357,17.314,-2.63052,148.573,156.335
BuildingSmooth_13_-21021_1705_16847_Residual_62e52072_Body02,-2108.512,1664.976,5.357,10.208,1.25162,126.764,141.509
BuildingSmooth_13_-21021_1705_16847_Residual_62e52072_Body02,-2092.358,1670.315,5.357,23.819,-1.88997,126.764,141.509
BuildingSmooth_13_-14742_1412_23003_ResidualBody06,-1478.916,2259.473,5.357,35.225,-2.21520,126.992,162.217
BuildingSmooth_13_-14742_1412_23003_ResidualBody06,-1500.036,2243.603,5.357,17.613,0.92639,126.992,162.217
BuildingSmooth_11_14890_1550_3921_Body02,1483.791,378.521,5.357,15.000,0.08984,114.253,129.253
BuildingSmooth_3_3646_1786_19755_ResidualBody01,302.018,1962.286,5.357,39.853,1.35510,54.099,133.806
BuildingSmooth_1_-23863_1484_9089,-2377.793,899.843,5.357,10.746,-1.49770,129.979,143.113
BuildingSmooth_1_-23863_1484_9089,-2392.828,900.944,5.357,19.403,1.64389,129.979,143.113
BuildingSmooth_12_17445_1520_-16346,1744.606,-1630.065,5.357,15.000,-0.69813,116.548,157.543
BuildingSmooth_1_-23323_1542_3558,-2328.385,346.360,5.357,17.027,-1.62870,133.177,144.285
BuildingSmooth_1_-23323_1542_3558,-2340.505,345.658,5.357,7.253,1.51289,133.177,144.285
BuildingSmooth_11_15015_1554_1694_Body01,1508.477,174.654,5.357,3.000,0.24311,121.582,142.582
BuildingSmooth_11_15015_1554_1694_Body01,1508.477,174.654,5.357,3.000,-2.89849,121.582,142.582
BuildingSmooth_16_15218_2101_-6422,1504.368,-620.671,5.357,31.975,1.47126,124.537,156.008
BuildingSmooth_16_15218_2101_-6422,1535.973,-617.515,5.357,31.549,-1.67033,124.537,156.008
BuildingSmooth_11_19247_1509_-1245,1931.940,-128.118,5.357,16.300,-2.00984,128.739,141.486
BuildingSmooth_11_19247_1509_-1245,1920.052,-133.701,5.357,9.968,1.13175,128.739,141.486
BuildingSmooth_11_19247_1509_-1245,1917.499,-120.817,5.357,16.300,1.13175,128.739,141.486
BuildingSmooth_11_19247_1509_-1245,1929.387,-115.234,5.357,9.968,-2.00984,128.739,141.486
BuildingSmooth_11_21922_1496_-170,2193.551,-1.110,5.357,11.117,2.65601,124.692,141.933
BuildingSmooth_11_21922_1496_-170,2190.782,-32.803,5.357,11.117,-0.48558,124.692,141.933
BuildingSmooth_11_21922_1496_-170,2202.385,-17.850,5.357,26.737,-0.48558,124.692,141.933
BuildingSmooth_11_21922_1496_-170,2181.948,-16.064,5.357,26.737,2.65601,124.692,141.933
BuildingSmooth_1_-30547_1778_10109_ResidualBody02,-3051.421,1028.344,35.526,50.752,1.86487,122.403,127.760
BuildingSmooth_16_15276_1653_-4614,1509.163,-447.429,5.357,11.344,1.70597,125.899,152.394
BuildingSmooth_16_15276_1653_-4614,1535.103,-450.957,5.357,41.014,-1.43563,125.899,152.394
BuildingSmooth_1_-27610_2139_12718_ResidualBody01,-2792.204,1279.564,5.357,4.664,2.95822,118.935,151.582
BuildingSmooth_11_19978_1467_-832,1989.908,-99.568,5.357,24.772,-0.32627,121.404,146.738
BuildingSmooth_11_19978_1467_-832,1981.786,-75.565,5.357,25.908,2.81533,121.404,146.738
BuildingSmooth_11_19978_1467_-832,2005.601,-66.907,5.357,24.772,2.81533,121.404,146.738
BuildingSmooth_11_19978_1467_-832,2013.723,-90.910,5.357,25.908,-0.32627,121.404,146.738
BuildingSmooth_6_3313_1126_-19044_Residual_937ee519_Body01,342.405,-1906.369,5.357,50.985,-0.61713,73.955,105.169
BuildingSmooth_6_3313_1126_-19044_Residual_937ee519_Body01,320.348,-1875.285,5.357,25.244,2.52446,73.955,105.169
BuildingSmooth_16_16916_2027_-5213_ResidualBody01,1695.418,-516.286,42.000,15.000,2.66909,136.320,141.678
BuildingSmooth_13_-21021_1705_16847_Residual_62e52072_Body01,-2095.853,1706.191,5.357,7.173,-3.13902,114.410,153.864
BuildingSmooth_2_22934_1562_-2899_Body01,2276.902,-289.361,5.357,39.000,0.08373,131.214,143.214
BuildingSmooth_11_20160_1820_2249_Body02,2007.612,239.837,5.357,4.743,-2.03988,158.179,172.409
BuildingSmooth_11_20160_1820_2249_Body02,2003.381,237.693,5.357,4.743,1.10171,158.179,172.409
BuildingSmooth_16_12917_2244_-6434_Body01,1291.644,-646.336,61.261,42.468,-0.83775,135.227,140.584
BuildingSmooth_5_10646_1887_8417_Body01,1062.546,840.208,46.726,37.574,-2.82544,174.444,179.801
BuildingSmooth_11_21921_1742_4659_Body01,2172.240,432.206,18.621,18.621,1.67414,87.596,92.953
BuildingSmooth_8_7180_1690_28811,716.436,2871.296,5.357,13.812,0.93605,124.621,138.549
BuildingSmooth_8_7180_1690_28811,708.271,2882.579,5.357,14.044,0.93605,124.621,138.549
BuildingSmooth_8_7180_1690_28811,719.485,2890.838,5.357,13.812,-2.20554,124.621,138.549
BuildingSmooth_8_7180_1690_28811,727.650,2879.555,5.357,14.044,-2.20554,124.621,138.549
BuildingSmooth_8_1599_1304_22623,158.913,2274.245,5.357,45.358,1.93042,104.402,126.076
BuildingSmooth_8_1599_1304_22623,134.904,2260.116,5.357,10.357,1.93042,104.402,126.076
BuildingSmooth_8_1599_1304_22623,160.979,2250.312,5.357,45.358,-1.21117,104.402,126.076
BuildingSmooth_8_1599_1304_22623,184.988,2264.441,5.357,10.357,-1.21117,104.402,126.076
BuildingSmooth_16_3179_1494_-4612,319.681,-461.116,55.427,21.000,1.95865,78.154,83.511
BuildingSmooth_2_19308_1989_-6623_Residual_8c5e16c5_Body01,1931.777,-662.320,49.467,34.447,2.65589,143.452,148.810
BuildingSmooth_1_-29025_1918_12884_Body02,-2869.478,1282.009,5.357,8.272,-1.43531,164.105,197.192
BuildingSmooth_14_-6048_754_-3195_Body01,-629.429,-308.782,89.702,16.309,2.01987,45.615,50.972
BuildingSmooth_9_-19067_1495_12403_Body01,-1899.202,1232.670,5.357,8.485,2.26393,120.757,146.213
BuildingSmooth_9_-19067_1495_12403_Body01,-1894.306,1228.603,5.357,4.243,-0.87767,120.757,146.213
BuildingSmooth_2_23496_1465_-4328_Body01,2349.565,-433.074,32.798,15.172,2.99531,133.324,138.681
BuildingSmooth_15_-18509_934_-15069_Residual_2816b0af_Body01,-1851.382,-1507.192,64.245,70.649,-1.18897,55.621,60.978
BuildingSmooth_11_20566_1029_7021,2051.625,703.545,5.357,18.899,2.88868,81.934,98.277
BuildingSmooth_11_20566_1029_7021,2070.985,693.951,5.357,18.899,-0.25291,81.934,98.277
BuildingSmooth_11_20566_1029_7021,2066.852,709.941,5.357,14.133,2.88868,81.934,98.277
BuildingSmooth_11_20566_1029_7021,2055.758,687.554,5.357,14.133,-0.25291,81.934,98.277
BuildingSmooth_8_3990_1682_30243_Residual_4ed4bd04_Body01,391.179,3046.005,5.357,14.484,1.65968,121.137,133.393
BuildingSmooth_8_3990_1682_30243_Residual_4ed4bd04_Body01,407.271,3044.571,5.357,17.827,-1.48191,121.137,133.393
BuildingSmooth_13_-10975_1263_19810_ResidualBody03,-1075.120,2005.012,5.357,21.343,-0.45744,72.274,97.175
BuildingSmooth_13_-10975_1263_19810_Residual_c5a748c3_Body01,-1099.057,1993.229,56.916,21.343,-0.45744,129.530,134.887
BuildingSmooth_8_-2197_765_28932,-219.720,2893.166,29.435,13.119,3.03035,57.999,63.356
BuildingSmooth_12_19385_2210_-18450_Body01,1969.112,-1789.683,5.357,26.779,2.47828,122.993,140.846
BuildingSmooth_4_-5886_1462_-12581_Body02,-541.251,-1246.454,14.827,39.540,-0.25270,120.520,125.877
BuildingSmooth_12_22553_2069_-20782_Body01,2256.052,-2078.203,64.188,58.208,-2.23431,193.840,199.197
BuildingSmooth_5_6237_1025_8726,620.802,899.701,5.357,13.207,2.69587,55.994,74.249
BuildingSmooth_5_6237_1025_8726,634.866,870.266,5.357,52.037,-0.44573,55.994,74.249
BuildingSmooth_1_-29025_1918_12884_Body01,-2866.312,1289.926,5.357,16.544,-3.00611,125.389,137.796
BuildingSmooth_11_20326_1671_-1079_Body01,2034.218,-117.387,18.000,10.735,-2.91620,133.939,139.296
BuildingSmooth_15_-18443_1400_-23559_ResidualBody01,-1840.865,-2355.914,45.000,24.000,2.23358,87.631,92.988
BuildingSmooth_16_13031_2800_-356_Body01,1309.831,-48.902,171.253,81.251,-0.87056,265.510,270.867
BuildingSmooth_15_-18443_1400_-23559_ResidualBody03,-1834.693,-2362.635,5.357,6.000,2.23358,130.043,178.043
BuildingSmooth_6_17365_1576_-7418,1713.537,-750.167,5.357,14.852,0.47021,129.708,159.555
BuildingSmooth_6_17365_1576_-7418,1726.209,-725.234,5.357,41.085,-2.67138,129.708,159.555
BuildingSmooth_2_21499_1551_-2461,2157.914,-227.088,5.357,42.296,2.62865,126.447,159.115
BuildingSmooth_2_21499_1551_-2461,2141.833,-265.105,5.357,42.296,-0.51294,126.447,159.115
BuildingSmooth_2_21499_1551_-2461,2125.263,-235.686,5.357,25.232,2.62865,126.447,159.115
BuildingSmooth_2_21499_1551_-2461,2174.483,-256.507,5.357,25.232,-0.51294,126.447,159.115
BuildingSmooth_1_-30547_2467_10113_Body02,-3045.832,989.760,15.090,15.090,1.88159,229.073,234.430
BuildingSmooth_6_1367_1511_-14429_Body01,110.878,-1449.719,5.357,26.062,0.62133,114.797,152.029
BuildingSmooth_12_18076_1586_-14132,1807.551,-1413.242,30.664,46.162,2.49492,140.659,146.016
BuildingSmooth_13_-10975_1263_19810_ResidualBody02,-1083.321,1965.291,5.357,60.473,-2.02824,74.053,95.396
BuildingSmooth_13_-10975_1263_19810_ResidualBody02,-1079.418,1953.335,5.357,52.487,0.77406,73.576,95.873
BuildingSmooth_13_-10975_1263_19810_ResidualBody02,-1057.004,1976.264,5.357,11.642,-2.36753,73.576,95.873
BuildingSmooth_15_-16984_817_-20973_Body01,-1698.325,-2091.452,5.357,24.000,2.29089,49.783,88.783
BuildingSmooth_1_-28341_2122_8002_Body01,-2834.108,800.042,43.367,52.897,-0.96709,197.443,202.801
BuildingSmooth_7_9411_843_12922_Body01,941.802,1293.535,5.357,2.121,-2.34298,60.776,79.868
BuildingSmooth_7_9411_843_12922_Body01,940.283,1292.055,5.357,2.121,0.79861,60.776,79.868
BuildingSmooth_13_-21021_1705_16847_ResidualBody03,-2101.223,1709.792,5.357,7.173,-1.56822,126.963,141.310
BuildingSmooth_13_-21021_1705_16847_ResidualBody03,-2111.984,1709.820,5.357,14.347,1.57337,126.963,141.310
BuildingSmooth_15_-25566_1458_-20286_Body01,-2584.591,-2089.566,5.357,35.485,0.86102,8.408,88.249
BuildingSmooth_15_-25566_1458_-20286_Body01,-2557.675,-2066.441,5.357,35.485,-2.28058,8.408,88.249
BuildingSmooth_10_-26967_1303_-4267,-2701.100,-417.723,5.357,17.557,-2.77228,100.770,115.485
BuildingSmooth_10_-26967_1303_-4267,-2706.700,-432.191,5.357,13.472,0.36932,100.770,115.485
BuildingSmooth_10_-26967_1303_-4267,-2692.260,-434.234,5.357,20.087,0.36932,101.282,114.974
BuildingSmooth_10_-26967_1303_-4267,-2686.660,-419.765,5.357,10.942,-2.77228,101.282,114.974
BuildingSmooth_4_-2285_1706_-17624_Residual_87ff2393_Body01,-199.014,-1793.394,27.951,27.951,-1.76801,103.800,109.158
BuildingSmooth_5_10133_2300_2639_Body01,1013.251,264.612,64.630,32.044,2.05344,216.119,221.476
BuildingSmooth_2_22782_1501_-4081,2280.335,-384.906,5.357,52.610,2.10257,124.879,147.829
BuildingSmooth_2_22782_1501_-4081,2307.664,-400.983,5.357,10.805,-1.03903,124.879,147.829
BuildingSmooth_2_22786_1570_-9261,2267.173,-931.916,5.357,7.406,1.62618,137.510,150.307
BuildingSmooth_2_22786_1570_-9261,2281.910,-932.733,5.357,22.114,-1.51541,137.510,150.307
BuildingSmooth_2_22786_1570_-9261,2289.961,-920.363,5.357,7.406,-1.51541,137.510,150.307
BuildingSmooth_2_22786_1570_-9261,2275.224,-919.546,5.357,22.114,1.62618,137.510,150.307
BuildingSmooth_16_14526_1328_-1877_Body01,1453.444,-187.956,91.348,19.184,-0.73089,118.387,123.744
BuildingSmooth_5_3773_2366_9516,409.388,942.804,5.357,9.106,0.05255,212.313,230.782
BuildingSmooth_5_3773_2366_9516,410.611,966.056,5.357,37.461,-3.08904,212.313,230.782
BuildingSmooth_5_3773_2366_9516,392.912,981.184,5.357,9.106,-3.08904,212.313,230.782
BuildingSmooth_5_3773_2366_9516,391.689,957.933,5.357,37.461,0.05255,212.313,230.782
BuildingSmooth_6_2047_1581_-18188_Body01,216.404,-1807.742,5.357,24.369,-3.05889,85.127,101.373
BuildingSmooth_5_6128_939_8712,617.949,860.244,5.357,6.907,-0.96144,59.071,71.131
BuildingSmooth_5_6128_939_8712,607.586,882.184,5.357,6.907,2.18015,59.071,71.131
BuildingSmooth_5_6128_939_8712,619.051,874.182,5.357,21.055,-0.96144,59.071,71.131
BuildingSmooth_5_6128_939_8712,606.485,868.246,5.357,21.055,2.18015,59.071,71.131
BuildingSmooth_13_-21021_1705_16847_ResidualBody04,-2110.301,1666.774,5.357,25.107,-1.56822,119.790,148.484
BuildingSmooth_13_-9042_836_22355,-925.736,2224.703,5.357,7.276,0.72249,55.567,73.617
BuildingSmooth_13_-9042_836_22355,-908.525,2244.229,5.357,44.781,-2.41910,55.567,73.617
BuildingSmooth_13_-9042_836_22355,-882.584,2246.360,5.357,7.276,-2.41910,55.567,73.617
BuildingSmooth_13_-9042_836_22355,-899.796,2226.835,5.357,44.781,0.72249,55.567,73.617
BuildingSmooth_16_4700_1032_-2156,468.799,-216.164,5.357,24.000,-2.18014,55.651,91.651
BuildingSmooth_1_-30547_1778_10109_ResidualBody03,-3060.983,996.771,20.301,50.752,1.86487,122.403,127.760
BuildingSmooth_2_26617_1241_-10499_Body01,2663.100,-1052.247,49.498,46.655,-0.27425,111.166,116.523
BuildingSmooth_12_30160_1395_-12228_Body01,3018.432,-1235.102,21.000,25.420,-1.76970,120.132,125.489
BuildingSmooth_11_25215_1114_2851,2528.412,300.480,5.357,44.847,-0.54168,90.178,104.096
BuildingSmooth_11_25215_1114_2851,2515.872,321.321,5.357,3.798,2.59991,90.178,104.096
BuildingSmooth_1_-19913_2806_5999,-1995.091,596.746,5.357,18.194,2.44314,251.625,275.625
BuildingSmooth_14_-77_855_-813_Residual_3b0959b3_Body01,22.719,-71.587,202.166,167.999,-1.16688,62.214,67.571
BuildingSmooth_1_-21321_1621_6288,-2148.118,627.704,5.357,8.279,1.55245,132.885,143.088
BuildingSmooth_1_-21321_1621_6288,-2136.980,638.096,5.357,8.252,-1.58914,132.902,143.071
BuildingSmooth_1_-21321_1621_6288,-2146.774,637.916,5.357,11.341,1.55245,132.902,143.071
BuildingSmooth_1_-21321_1621_6288,-2138.324,627.883,5.357,11.314,-1.58914,132.885,143.088
BuildingSmooth_15_-18509_934_-15069_ResidualBody02,-1868.955,-1508.889,5.357,30.000,0.38182,46.299,70.299
BuildingSmooth_10_-16793_886_-13524_ResidualBody02,-1698.753,-1363.324,18.060,30.101,2.52964,56.318,61.675